1StatisticalModels,0
2StatisticalModels,1
3StatisticalModels,2
4StatisticalModels,3
5StatisticalModels,4
6StatisticalModels,5
7StatisticalModels,6
8StatisticalModels,7
9StatisticalModels,8
10StatisticalModels,9
11StatisticalModels,10
12StatisticalModels,11
1StochasticProcesses,12
2StochasticProcesses,13
3StochasticProcesses,14
4StochasticProcesses,15
5StochasticProcesses,16
6StochasticProcesses,17
7StochasticProcesses,18
8StochasticProcesses,19
9StochasticProcesses,20
10StochasticProcesses,21
11StochasticProcesses,22
12StochasticProcesses,23
13StochasticProcesses,24
14StochasticProcesses,25
15StochasticProcesses,26
16StochasticProcesses,27
17StochasticProcesses,28
18StochasticProcesses,29
19StochasticProcesses,30
20StochasticProcesses,31
21StochasticProcesses,32
22StochasticProcesses,33
23StochasticProcesses,34
24StochasticProcesses,35
25StochasticProcesses,36
26StochasticProcesses,37
27StochasticProcesses,38
28StochasticProcesses,39
29StochasticProcesses,40
30StochasticProcesses,41
31StochasticProcesses,42
32StochasticProcesses,43
33StochasticProcesses,44
34StochasticProcesses,45
35StochasticProcesses,46
36StochasticProcesses,47
37StochasticProcesses,48
38StochasticProcesses,49
39StochasticProcesses,50
40StochasticProcesses,51
41StochasticProcesses,52
42StochasticProcesses,53
1ReinforcementLearning,54
2ReinforcementLearning,55
3ReinforcementLearning,56
4ReinforcementLearning,57
5ReinforcementLearning,58
6ReinforcementLearning,59
1ConvexOptimizationbook,60
2ConvexOptimizationbook,61
3ConvexOptimizationbook,62
4ConvexOptimizationbook,63
5ConvexOptimizationbook,64
6ConvexOptimizationbook,65
7ConvexOptimizationbook,66
8ConvexOptimizationbook,67
9ConvexOptimizationbook,68
10ConvexOptimizationbook,69
11ConvexOptimizationbook,70
1RegressionModelingStrategies,71
2RegressionModelingStrategies,72
3RegressionModelingStrategies,73
4RegressionModelingStrategies,74
5RegressionModelingStrategies,75
6RegressionModelingStrategies,76
7RegressionModelingStrategies,77
8RegressionModelingStrategies,78
9RegressionModelingStrategies,79
10RegressionModelingStrategies,80
11RegressionModelingStrategies,81
12RegressionModelingStrategies,82
13RegressionModelingStrategies,83
14RegressionModelingStrategies,84
15RegressionModelingStrategies,85
16RegressionModelingStrategies,86
17RegressionModelingStrategies,87
18RegressionModelingStrategies,88
19RegressionModelingStrategies,89
20RegressionModelingStrategies,90
21RegressionModelingStrategies,91
1ComputationalStatistics,92
2ComputationalStatistics,93
3ComputationalStatistics,94
4ComputationalStatistics,95
5ComputationalStatistics,96
6ComputationalStatistics,97
7ComputationalStatistics,98
8ComputationalStatistics,99
9ComputationalStatistics,100
10ComputationalStatistics,101
11ComputationalStatistics,102
12ComputationalStatistics,103
1RossProbability,104
2RossProbability,105
3RossProbability,106
4RossProbability,107
5RossProbability,108
6RossProbability,109
7RossProbability,110
8RossProbability,111
9RossProbability,112
10RossProbability,113
1CategoricalDataAnalysis,114
2CategoricalDataAnalysis,115
3CategoricalDataAnalysis,116
4CategoricalDataAnalysis,117
5CategoricalDataAnalysis,118
6CategoricalDataAnalysis,119
7CategoricalDataAnalysis,120
8CategoricalDataAnalysis,121
9CategoricalDataAnalysis,122
10CategoricalDataAnalysis,123
11CategoricalDataAnalysis,124
12CategoricalDataAnalysis,125
13CategoricalDataAnalysis,126
14CategoricalDataAnalysis,127
15CategoricalDataAnalysis,128
16CategoricalDataAnalysis,129
1DeepLearning,130
2DeepLearning,131
3DeepLearning,132
4DeepLearning,133
5DeepLearning,134
6DeepLearning,135
7DeepLearning,136
8DeepLearning,137
9DeepLearning,138
10DeepLearning,139
11DeepLearning,140
12DeepLearning,141
13DeepLearning,142
14DeepLearning,143
15DeepLearning,144
16DeepLearning,145
17DeepLearning,146
18DeepLearning,147
19DeepLearning,148
20DeepLearning,149
11L2RM,150
12ConfidenceRegionLowRankRegre,151
13PRCA,152
1BridgingViterbiandPosteriorDecodingAGeneralizedRiskApproachtoHiddenPathInferenceBasedonHiddenMarkovModels,153
1FastSVMTrainingUsingApproximateExtremePoints,154
1AJunctionTreeFrameworkforUndirectedGraphicalModelSelection,155
1ConvexvsNonConvexEstimatorsforRegressionandSparseEstimationtheMeanSquaredErrorPropertiesofARDandGLasso,156
1InformationTheoreticalEstimatorsToolbox,157
1EarlyStoppingandNonparametricRegressionAnOptimalDatadependentStoppingRule,158
1UnbiasedGenerativeSemiSupervisedLearning,159
1NodeBasedLearningofMultipleGaussianGraphicalModels,160
1TheFASTCLIMEPackageforLinearProgrammingandLargeScalePrecisionMatrixEstimationinR,161
1LIBOLALibraryforOnlineLearningAlgorithms,162
1ImprovingMarkovNetworkStructureLearningUsingDecisionTrees,163
1GroundMetricLearning,164
1LinkPredictioninGraphswithAutoregressiveFeatures,165
1ReinforcementLearningforClosedLoopPropofolAnesthesiaAStudyinHumanVolunteers,166
1ClusteringHiddenMarkovModelswithVariationalHEM,167
1ANovelMEstimatorforRobustPCA,168
1NumericalAnalysisnearSingularitiesinRBFNetworks,169
1AHiddenAbsorbingSemiMarkovModelforInformativelyCensoredTemporalDataLearningandInference,170
1CanWeTrusttheBootstrapinHighdimensions?TheCaseofLinearModels,171
1RSGBeatingSubgradientMethodwithoutSmoothnessandStrongConvexity,172
1ScalableBayesviaBarycenterinWassersteinSpace,173
1ModelFreeTrajectorybasedPolicyOptimizationwithMonotonicImprovement,174
1RegularizedOptimalTransportandtheRotMoversDistance,175
1Streamingkernelregressionwithprovablyadaptivemeanvarianceandregularization,176
1MultimodalGestureRecognitionviaMultipleHypothesesRescoring,177
1AnAsynchronousParallelStochasticCoordinateDescentAlgorithm,178
1CompositeSelfConcordantMinimization,179
1NetworkGrangerCausalitywithInherentGroupingStructure,180
1IterativeandActiveGraphClusteringUsingTraceNormMinimizationWithoutClusterSizeConstraints,181
1AD3AlternatingDirectionsDualDecompositionforMAPInferenceinGraphicalModels,182
1AStatisticalLearningApproachtoModalRegression,183
1AModelofFakeDatainDatadrivenAnalysis,184
1UniversalLatentSpaceModelFittingforLargeNetworkswithEdgeCovariates,185
1LowerBoundsforParallelandRandomizedConvexOptimization,186
1PathBasedSpectralClusteringGuaranteesRobustnesstoOutliersandFastAlgorithms,187
1DESlibADynamicensembleselectionlibraryinPython,188
1OnMahalanobisDistanceinFunctionalSettings,189
1OnlineSufficientDimensionReductionThroughSlicedInverseRegression,190
1WeightedMessagePassingandMinimumEnergyFlowforHeterogeneousStochasticBlockModelswithSideInformation,191
1NeymanPearsonclassificationparametricsandsamplesizerequirement,192
1Generalizedprobabilisticprincipalcomponentanalysisofcorrelateddata,193
1OnlpSupportVectorMachinesandMultidimensionalKernels,194
1PracticalLocallyPrivateHeavyHitters,195
1ExpectationPropagationasaWayofLifeAFrameworkforBayesianInferenceonPartitionedData,196
1ConnectingSpectralClusteringtoMaximumMarginsandLevelSets,197
1ConvergencesofRegularizedAlgorithmsandStochasticGradientMethodswithRandomProjections,198
1DerivativeFreeMethodsforPolicyOptimizationGuaranteesforLinearQuadraticSystems,199
1AveragedCollapsedVariationalBayesInference,200
1CommunicationefficientSparseRegression,201
1ImprovingVariationalMethodsviaPairwiseLinearResponseIdentities,202
1DistributedSequenceMemoryofMultidimensionalInputsinRecurrentNetworks,203
1PersistenceImagesAStableVectorRepresentationofPersistentHomology,204
1OnPerturbedProximalGradientAlgorithms,205
1UsingConceptorstoManageNeuralLongTermMemoriesforTemporalPatterns,206
1AutomaticDifferentiationVariationalInference,207
1BreakingtheCurseofDimensionalitywithConvexNeuralNetworks,208
1OntheEquivalencebetweenKernelQuadratureRulesandRandomFeatureExpansions,209
1AnalyzingTensorPowerMethodDynamicsinOvercompleteRegime,210
1IdentifyingaMinimalClassofModelsforHighdimensionalData,211
1AdaptationBasedonGeneralizedDiscrepancy,212
1TransportAnalysisofInfinitelyDeepNeuralNetwork,213
1ParsimoniousOnlineLearningwithKernelsviaSparseProjectionsinFunctionSpace,214
1ConvergenceRateofaSimulatedAnnealingAlgorithmwithNoisyObservations,215
1ScalableApproximationsforGeneralizedLinearProblems,216
1ForwardBackwardSelectionwithEarlyDropping,217
1DynamicPricinginHighdimensions,218
1GraphicalLassoandThresholdingEquivalenceandClosedformSolutions,219
1ScalableKernelKMeansClusteringwithNystromApproximationRelativeErrorBounds,220
1Smoothneighborhoodrecommendersystems,221
1DelayandCooperationinNonstochasticBandits,222
1Multiplicativelocallinearhazardestimationandbestonesidedcrossvalidation,223
1OntheComplexityofBestArmIdentificationinMultiArmedBanditModels,224
1MinimaxRatesinPermutationEstimationforFeatureMatching,225
1ConsistencyandFluctuationsForStochasticGradientLangevinDynamics,226
1KnowledgeMattersImportanceofPriorInformationforOptimization,227
1HerdedGibbsSampling,228
1ComplexityofRepresentationandInferenceinCompositionalModelswithPartSharing,229
1NoisySparseSubspaceClustering,230
1LearningtheVarianceoftheRewardToGo,231
1ConvexCalibrationDimensionforMulticlassLossMatrices,232
1AConsistentInformationCriterionforSupportVectorMachinesinDivergingModelSpaces,233
1ExtremalMechanismsforLocalDifferentialPrivacy,234
1LossMinimizationandParameterEstimationwithHeavyTails,235
1AnalysisofClassificationbasedPolicyIterationAlgorithms,236
1OperatorvaluedKernelsforLearningfromFunctionalResponseData,237
1GradientsWeightsimproveRegressionandClassification,238
1LearningUsingAntiTrainingwithSacrificialData,239
1AUnifyingFrameworkinVectorvaluedReproducingKernelHilbertSpacesforManifoldRegularizationandCoRegularizedMultiviewLearning,240
1PRE_BridgingViterbiandPosteriorDecodingAGeneralizedRiskApproachtoHiddenPathInferenceBasedonHiddenMarkovModels,241
1PRE_FastSVMTrainingUsingApproximateExtremePoints,242
1PRE_AJunctionTreeFrameworkforUndirectedGraphicalModelSelection,243
1PRE_ConvexvsNonConvexEstimatorsforRegressionandSparseEstimationtheMeanSquaredErrorPropertiesofARDandGLasso,244
1PRE_InformationTheoreticalEstimatorsToolbox,245
1PRE_EarlyStoppingandNonparametricRegressionAnOptimalDatadependentStoppingRule,246
1PRE_UnbiasedGenerativeSemiSupervisedLearning,247
1PRE_NodeBasedLearningofMultipleGaussianGraphicalModels,248
1PRE_TheFASTCLIMEPackageforLinearProgrammingandLargeScalePrecisionMatrixEstimationinR,249
1PRE_LIBOLALibraryforOnlineLearningAlgorithms,250
1PRE_ImprovingMarkovNetworkStructureLearningUsingDecisionTrees,251
1PRE_GroundMetricLearning,252
1PRE_LinkPredictioninGraphswithAutoregressiveFeatures,253
1PRE_ReinforcementLearningforClosedLoopPropofolAnesthesiaAStudyinHumanVolunteers,254
1PRE_ClusteringHiddenMarkovModelswithVariationalHEM,255
1PRE_ANovelMEstimatorforRobustPCA,256
1PRE_NumericalAnalysisnearSingularitiesinRBFNetworks,257
1PRE_AHiddenAbsorbingSemiMarkovModelforInformativelyCensoredTemporalDataLearningandInference,258
1PRE_CanWeTrusttheBootstrapinHighdimensions?TheCaseofLinearModels,259
1PRE_RSGBeatingSubgradientMethodwithoutSmoothnessandStrongConvexity,260
1PRE_ScalableBayesviaBarycenterinWassersteinSpace,261
1PRE_ModelFreeTrajectorybasedPolicyOptimizationwithMonotonicImprovement,262
1PRE_RegularizedOptimalTransportandtheRotMoversDistance,263
1PRE_Streamingkernelregressionwithprovablyadaptivemeanvarianceandregularization,264
1PRE_MultimodalGestureRecognitionviaMultipleHypothesesRescoring,265
1PRE_AnAsynchronousParallelStochasticCoordinateDescentAlgorithm,266
1PRE_CompositeSelfConcordantMinimization,267
1PRE_NetworkGrangerCausalitywithInherentGroupingStructure,268
1PRE_IterativeandActiveGraphClusteringUsingTraceNormMinimizationWithoutClusterSizeConstraints,269
1PRE_AD3AlternatingDirectionsDualDecompositionforMAPInferenceinGraphicalModels,270
1PRE_AStatisticalLearningApproachtoModalRegression,271
1PRE_AModelofFakeDatainDatadrivenAnalysis,272
1PRE_UniversalLatentSpaceModelFittingforLargeNetworkswithEdgeCovariates,273
1PRE_LowerBoundsforParallelandRandomizedConvexOptimization,274
1PRE_PathBasedSpectralClusteringGuaranteesRobustnesstoOutliersandFastAlgorithms,275
1PRE_DESlibADynamicensembleselectionlibraryinPython,276
1PRE_OnMahalanobisDistanceinFunctionalSettings,277
1PRE_OnlineSufficientDimensionReductionThroughSlicedInverseRegression,278
1PRE_WeightedMessagePassingandMinimumEnergyFlowforHeterogeneousStochasticBlockModelswithSideInformation,279
1PRE_NeymanPearsonclassificationparametricsandsamplesizerequirement,280
1PRE_Generalizedprobabilisticprincipalcomponentanalysisofcorrelateddata,281
1PRE_OnlpSupportVectorMachinesandMultidimensionalKernels,282
1PRE_PracticalLocallyPrivateHeavyHitters,283
1PRE_ExpectationPropagationasaWayofLifeAFrameworkforBayesianInferenceonPartitionedData,284
1PRE_ConnectingSpectralClusteringtoMaximumMarginsandLevelSets,285
1PRE_ConvergencesofRegularizedAlgorithmsandStochasticGradientMethodswithRandomProjections,286
1PRE_DerivativeFreeMethodsforPolicyOptimizationGuaranteesforLinearQuadraticSystems,287
1PRE_AveragedCollapsedVariationalBayesInference,288
1PRE_CommunicationefficientSparseRegression,289
1PRE_ImprovingVariationalMethodsviaPairwiseLinearResponseIdentities,290
1PRE_DistributedSequenceMemoryofMultidimensionalInputsinRecurrentNetworks,291
1PRE_PersistenceImagesAStableVectorRepresentationofPersistentHomology,292
1PRE_OnPerturbedProximalGradientAlgorithms,293
1PRE_UsingConceptorstoManageNeuralLongTermMemoriesforTemporalPatterns,294
1PRE_AutomaticDifferentiationVariationalInference,295
1PRE_BreakingtheCurseofDimensionalitywithConvexNeuralNetworks,296
1PRE_OntheEquivalencebetweenKernelQuadratureRulesandRandomFeatureExpansions,297
1PRE_AnalyzingTensorPowerMethodDynamicsinOvercompleteRegime,298
1PRE_IdentifyingaMinimalClassofModelsforHighdimensionalData,299
1PRE_AdaptationBasedonGeneralizedDiscrepancy,300
1PRE_TransportAnalysisofInfinitelyDeepNeuralNetwork,301
1PRE_ParsimoniousOnlineLearningwithKernelsviaSparseProjectionsinFunctionSpace,302
1PRE_ConvergenceRateofaSimulatedAnnealingAlgorithmwithNoisyObservations,303
1PRE_ScalableApproximationsforGeneralizedLinearProblems,304
1PRE_ForwardBackwardSelectionwithEarlyDropping,305
1PRE_DynamicPricinginHighdimensions,306
1PRE_GraphicalLassoandThresholdingEquivalenceandClosedformSolutions,307
1PRE_ScalableKernelKMeansClusteringwithNystromApproximationRelativeErrorBounds,308
1PRE_Smoothneighborhoodrecommendersystems,309
1PRE_DelayandCooperationinNonstochasticBandits,310
1PRE_Multiplicativelocallinearhazardestimationandbestonesidedcrossvalidation,311
1PRE_OntheComplexityofBestArmIdentificationinMultiArmedBanditModels,312
1PRE_MinimaxRatesinPermutationEstimationforFeatureMatching,313
1PRE_ConsistencyandFluctuationsForStochasticGradientLangevinDynamics,314
1PRE_KnowledgeMattersImportanceofPriorInformationforOptimization,315
1PRE_HerdedGibbsSampling,316
1PRE_ComplexityofRepresentationandInferenceinCompositionalModelswithPartSharing,317
1PRE_NoisySparseSubspaceClustering,318
1PRE_LearningtheVarianceoftheRewardToGo,319
1PRE_ConvexCalibrationDimensionforMulticlassLossMatrices,320
1PRE_AConsistentInformationCriterionforSupportVectorMachinesinDivergingModelSpaces,321
1PRE_ExtremalMechanismsforLocalDifferentialPrivacy,322
1PRE_LossMinimizationandParameterEstimationwithHeavyTails,323
1PRE_AnalysisofClassificationbasedPolicyIterationAlgorithms,324
1PRE_OperatorvaluedKernelsforLearningfromFunctionalResponseData,325
1PRE_GradientsWeightsimproveRegressionandClassification,326
1PRE_LearningUsingAntiTrainingwithSacrificialData,327
1PRE_AUnifyingFrameworkinVectorvaluedReproducingKernelHilbertSpacesforManifoldRegularizationandCoRegularizedMultiviewLearning,328
